{"player": {"chunkpos": 0, "playerpos": [19.499999999999773, 234.59999999999957], "inventory": []}, "generated_chunks": [-5, -4, -3, -2, -1, 0, 1, 2, 3, 4, 5, 6, 7, 8, 9, 10, 11, 12, 13, 14, 15, 16, 17, 7, 18, 8, 7, 6, 5, 4, 3, 2, 1, 0, -1, -2, -3, -4, -5], "map_seed": 830277578}