{"player": {"chunkpos": -6, "playerpos": [-702.6000000000013, 305.70000000000016], "inventory": []}, "generated_chunks": [-13, -12, -11, -10, -9, -8, -7, -6, -5, -4, -3, -2, -11, -10, -9, -8, -7, -6, -5, -4, -3, -2], "map_seed": 761450062}