{"player": {"chunkpos": 8, "playerpos": [1121.9999999999964, 344.4000000000004], "inventory": []}, "generated_chunks": [2, 3, 4, 5, 6, 7, 8, 9, 10, 11, 12], "map_seed": 753435138}