{"player": {"chunkpos": -88, "playerpos": [-11227.499999999867, 455.1000000000002], "inventory": []}, "generated_chunks": [-53, -52, -51, -50, -49, -48, -47, -46, -45, -44, -54, -43, -53, -54, -55, -56, -57, -46, -45, -44, -43, -42, -41, -40, -39, -38, -37, -47, -48, -49, -50, -51, -52, -53, -53, -52, -51, -50, -49, -48, -47, -46, -45, -44, -53, -52, -51, -50, -49, -48, -47, -46, -45, -44, -53, -52, -51, -50, -49, -48, -47, -46, -45, -44, -54, -55, -56, -57, -58, -59, -60, -61, -62, -63, -64, -65, -66, -67, -68, -69, -70, -71, -72, -73, -74, -75, -76, -77, -78, -79, -80, -81, -82, -83, -84, -85, -86, -87, -88, -89, -90, -91, -92, -93, -94, -95, -96, -97, -98, -99, -100, -101, -90, -89, -88, -87, -86, -85, -84], "map_seed": 987192416230}